"Hora","MED","MIN","MAX","Periodo"
"00:00:00",2.8,0.6,8.2,"Verão 1 - 2021"
"00:15:00",2.8,0.5,8.8,"Verão 1 - 2021"
"00:30:00",2.9,0.4,11.6,"Verão 1 - 2021"
"00:45:00",2.9,0.4,12.7,"Verão 1 - 2021"
"01:00:00",2.9,0.4,13.2,"Verão 1 - 2021"
"01:15:00",3,0.4,12.2,"Verão 1 - 2021"
"01:30:00",2.9,0.4,12.5,"Verão 1 - 2021"
"01:45:00",2.9,0.4,12.8,"Verão 1 - 2021"
"02:00:00",3,0.4,12.4,"Verão 1 - 2021"
"02:15:00",3,0.4,11.6,"Verão 1 - 2021"
"02:30:00",3.1,0.4,10.9,"Verão 1 - 2021"
"02:45:00",3.1,0.4,10.7,"Verão 1 - 2021"
"03:00:00",3.2,0.4,10.8,"Verão 1 - 2021"
"03:15:00",3.3,0.4,11.3,"Verão 1 - 2021"
"03:30:00",3.4,0.4,11.4,"Verão 1 - 2021"
"03:45:00",3.4,0.4,12,"Verão 1 - 2021"
"04:00:00",3.5,0.4,12.1,"Verão 1 - 2021"
"04:15:00",3.6,0.4,12.4,"Verão 1 - 2021"
"04:30:00",3.6,0.4,12.8,"Verão 1 - 2021"
"04:45:00",3.9,0.4,13,"Verão 1 - 2021"
"05:00:00",4.3,0.4,13.1,"Verão 1 - 2021"
"05:15:00",4.8,0.4,13.1,"Verão 1 - 2021"
"05:30:00",5.1,0.4,14.1,"Verão 1 - 2021"
"05:45:00",5.5,0.4,14,"Verão 1 - 2021"
"06:00:00",6.1,0.4,13.1,"Verão 1 - 2021"
"06:15:00",6.8,0.4,13.9,"Verão 1 - 2021"
"06:30:00",7.4,0.4,15.7,"Verão 1 - 2021"
"06:45:00",8.1,0.7,15.6,"Verão 1 - 2021"
"07:00:00",8.6,2,15.1,"Verão 1 - 2021"
"07:15:00",8.8,3.4,15.2,"Verão 1 - 2021"
"07:30:00",8.6,3.5,15.5,"Verão 1 - 2021"
"07:45:00",8.6,3.2,15.2,"Verão 1 - 2021"
"08:00:00",8.5,3,15.1,"Verão 1 - 2021"
"08:15:00",8.4,2.6,14.6,"Verão 1 - 2021"
"08:30:00",8.3,2.4,13.8,"Verão 1 - 2021"
"08:45:00",8.3,2.3,13.5,"Verão 1 - 2021"
"09:00:00",8.3,2.2,13.2,"Verão 1 - 2021"
"09:15:00",8.1,2.1,12.7,"Verão 1 - 2021"
"09:30:00",7.9,2,12.3,"Verão 1 - 2021"
"09:45:00",7.7,2,11.8,"Verão 1 - 2021"
"10:00:00",7.7,2.1,11.4,"Verão 1 - 2021"
"10:15:00",7.6,2,11,"Verão 1 - 2021"
"10:30:00",7.5,1.8,10.9,"Verão 1 - 2021"
"10:45:00",7.4,1.8,10.4,"Verão 1 - 2021"
"11:00:00",7.4,1.6,10.6,"Verão 1 - 2021"
"11:15:00",7.5,2.3,10.9,"Verão 1 - 2021"
"11:30:00",7.6,2.2,10.7,"Verão 1 - 2021"
"11:45:00",7.7,3.8,11.3,"Verão 1 - 2021"
"12:00:00",7.7,3.9,11,"Verão 1 - 2021"
"12:15:00",7.8,3.9,11,"Verão 1 - 2021"
"12:30:00",7.7,3.8,10.7,"Verão 1 - 2021"
"12:45:00",7.6,3.8,10.2,"Verão 1 - 2021"
"13:00:00",7.6,3.9,10.3,"Verão 1 - 2021"
"13:15:00",7.5,4,10.1,"Verão 1 - 2021"
"13:30:00",7.6,4,9.9,"Verão 1 - 2021"
"13:45:00",7.8,4.7,10,"Verão 1 - 2021"
"14:00:00",7.9,5,10.9,"Verão 1 - 2021"
"14:15:00",8,5.3,11.1,"Verão 1 - 2021"
"14:30:00",8,5.6,11.4,"Verão 1 - 2021"
"14:45:00",8,5.6,11,"Verão 1 - 2021"
"15:00:00",8.1,5.7,10.9,"Verão 1 - 2021"
"15:15:00",8.2,5.5,11,"Verão 1 - 2021"
"15:30:00",8.2,5.4,11.2,"Verão 1 - 2021"
"15:45:00",8.3,5.2,11.7,"Verão 1 - 2021"
"16:00:00",8.4,5.3,12,"Verão 1 - 2021"
"16:15:00",8.3,5.3,12.2,"Verão 1 - 2021"
"16:30:00",8.2,5.7,12.2,"Verão 1 - 2021"
"16:45:00",8.2,5.5,12.5,"Verão 1 - 2021"
"17:00:00",8.2,5.5,12.3,"Verão 1 - 2021"
"17:15:00",8.2,5,11.7,"Verão 1 - 2021"
"17:30:00",8.2,4.9,11.5,"Verão 1 - 2021"
"17:45:00",8.2,5,11.2,"Verão 1 - 2021"
"18:00:00",8.3,5.9,11.9,"Verão 1 - 2021"
"18:15:00",8.2,5.8,11.9,"Verão 1 - 2021"
"18:30:00",8.2,5.2,11.4,"Verão 1 - 2021"
"18:45:00",8.2,4.8,11.2,"Verão 1 - 2021"
"19:00:00",8.2,4.8,11.5,"Verão 1 - 2021"
"19:15:00",8.2,4.9,11.8,"Verão 1 - 2021"
"19:30:00",8.1,4.8,11.9,"Verão 1 - 2021"
"19:45:00",7.8,3.9,11.9,"Verão 1 - 2021"
"20:00:00",7.6,3.6,11.9,"Verão 1 - 2021"
"20:15:00",7.4,3,12,"Verão 1 - 2021"
"20:30:00",7.3,2.8,11.9,"Verão 1 - 2021"
"20:45:00",7.3,2.8,11.6,"Verão 1 - 2021"
"21:00:00",7.1,2.9,11.8,"Verão 1 - 2021"
"21:15:00",6.5,2.9,12.6,"Verão 1 - 2021"
"21:30:00",5.5,2.6,12.2,"Verão 1 - 2021"
"21:45:00",5.1,2.2,12.5,"Verão 1 - 2021"
"22:00:00",4.8,2,12.6,"Verão 1 - 2021"
"22:15:00",4.4,1.5,12.5,"Verão 1 - 2021"
"22:30:00",4,1,13.3,"Verão 1 - 2021"
"22:45:00",3.6,0.9,13.5,"Verão 1 - 2021"
"23:00:00",3.4,0.9,13,"Verão 1 - 2021"
"23:15:00",3.2,0.8,9.4,"Verão 1 - 2021"
"23:30:00",3,0.8,9.2,"Verão 1 - 2021"
"23:45:00",2.8,0.8,7.4,"Verão 1 - 2021"
"00:00:00",124.1,0.4,211,"Verão 1 - 2020"
"00:15:00",115.8,0.4,210.9,"Verão 1 - 2020"
"00:30:00",116,0.4,209.3,"Verão 1 - 2020"
"00:45:00",111.6,0.6,207.7,"Verão 1 - 2020"
"01:00:00",114.1,0.8,204.7,"Verão 1 - 2020"
"01:15:00",116.5,1,207.6,"Verão 1 - 2020"
"01:30:00",116.2,1.1,210.7,"Verão 1 - 2020"
"01:45:00",114.9,1.5,209.3,"Verão 1 - 2020"
"02:00:00",118.6,2.1,209.3,"Verão 1 - 2020"
"02:15:00",118.9,2.3,210.9,"Verão 1 - 2020"
"02:30:00",115.9,2.5,210.9,"Verão 1 - 2020"
"02:45:00",115.5,2.7,211,"Verão 1 - 2020"
"03:00:00",114.6,2.9,209.4,"Verão 1 - 2020"
"03:15:00",117,3.1,211,"Verão 1 - 2020"
"03:30:00",117.9,3.4,209.1,"Verão 1 - 2020"
"03:45:00",113,3.6,209.6,"Verão 1 - 2020"
"04:00:00",117.9,3.8,207.5,"Verão 1 - 2020"
"04:15:00",116.1,3.9,210.9,"Verão 1 - 2020"
"04:30:00",118.7,3.8,210.9,"Verão 1 - 2020"
"04:45:00",119.9,4.1,209.3,"Verão 1 - 2020"
"05:00:00",116.2,4.2,206.2,"Verão 1 - 2020"
"05:15:00",118.6,4.4,210.9,"Verão 1 - 2020"
"05:30:00",115.7,4.3,207.7,"Verão 1 - 2020"
"05:45:00",116.4,4.2,210.8,"Verão 1 - 2020"
"06:00:00",116.9,4.4,210.9,"Verão 1 - 2020"
"06:15:00",116.9,4.7,211,"Verão 1 - 2020"
"06:30:00",116.7,4.8,208.8,"Verão 1 - 2020"
"06:45:00",115.3,5.2,208.2,"Verão 1 - 2020"
"07:00:00",115,5.3,210.9,"Verão 1 - 2020"
"07:15:00",113.8,5.4,211,"Verão 1 - 2020"
"07:30:00",113.3,5,210.9,"Verão 1 - 2020"
"07:45:00",115.7,4.8,211,"Verão 1 - 2020"
"08:00:00",115.8,5.1,209.2,"Verão 1 - 2020"
"08:15:00",115.5,5.5,210,"Verão 1 - 2020"
"08:30:00",112.5,5.5,200.9,"Verão 1 - 2020"
"08:45:00",115.7,5.5,210.8,"Verão 1 - 2020"
"09:00:00",109.5,5.5,208.5,"Verão 1 - 2020"
"09:15:00",111.1,5.4,204.1,"Verão 1 - 2020"
"09:30:00",113,5.4,210.8,"Verão 1 - 2020"
"09:45:00",115.4,5.5,208.1,"Verão 1 - 2020"
"10:00:00",116.1,5.6,210.9,"Verão 1 - 2020"
"10:15:00",112.1,2.8,210.9,"Verão 1 - 2020"
"10:30:00",112.2,2.8,211,"Verão 1 - 2020"
"10:45:00",113.1,1.4,209.2,"Verão 1 - 2020"
"11:00:00",115.2,1.1,208,"Verão 1 - 2020"
"11:15:00",113.5,0.9,209.3,"Verão 1 - 2020"
"11:30:00",113.4,0.6,208,"Verão 1 - 2020"
"11:45:00",112.5,0.6,210.9,"Verão 1 - 2020"
"12:00:00",112.5,0.5,209.4,"Verão 1 - 2020"
"12:15:00",114.8,0.5,210.7,"Verão 1 - 2020"
"12:30:00",114.9,0.5,211,"Verão 1 - 2020"
"12:45:00",114.4,0.5,210,"Verão 1 - 2020"
"13:00:00",115.5,0.4,210.9,"Verão 1 - 2020"
"13:15:00",113.3,0.5,209.1,"Verão 1 - 2020"
"13:30:00",114.7,0.4,211,"Verão 1 - 2020"
"13:45:00",113.5,0.4,210.8,"Verão 1 - 2020"
"14:00:00",113.1,0.4,210.9,"Verão 1 - 2020"
"14:15:00",111.5,0.4,209.3,"Verão 1 - 2020"
"14:30:00",112.2,0.4,211,"Verão 1 - 2020"
"14:45:00",116.5,0.4,210.9,"Verão 1 - 2020"
"15:00:00",116.8,0.4,209.3,"Verão 1 - 2020"
"15:15:00",116.9,0.4,210.9,"Verão 1 - 2020"
"15:30:00",114.1,0.4,210.9,"Verão 1 - 2020"
"15:45:00",113.2,0.4,210.1,"Verão 1 - 2020"
"16:00:00",111.6,0.4,202.3,"Verão 1 - 2020"
"16:15:00",115.3,0.4,207.6,"Verão 1 - 2020"
"16:30:00",115.8,0.4,210.1,"Verão 1 - 2020"
"16:45:00",118.9,0.4,210.1,"Verão 1 - 2020"
"17:00:00",117.9,0.4,205,"Verão 1 - 2020"
"17:15:00",118,0.4,209.4,"Verão 1 - 2020"
"17:30:00",116.6,0.4,209,"Verão 1 - 2020"
"17:45:00",116.3,0.4,211,"Verão 1 - 2020"
"18:00:00",119.5,0.4,210.7,"Verão 1 - 2020"
"18:15:00",119.1,0.4,210.5,"Verão 1 - 2020"
"18:30:00",117.6,0.4,210.9,"Verão 1 - 2020"
"18:45:00",114.9,0.4,202.8,"Verão 1 - 2020"
"19:00:00",118.3,0.4,210.1,"Verão 1 - 2020"
"19:15:00",119.3,0.4,211,"Verão 1 - 2020"
"19:30:00",117.8,0.4,210.9,"Verão 1 - 2020"
"19:45:00",121.5,0.4,211,"Verão 1 - 2020"
"20:00:00",116.6,0.4,210.9,"Verão 1 - 2020"
"20:15:00",119.6,0.4,211,"Verão 1 - 2020"
"20:30:00",116.8,0.4,210.9,"Verão 1 - 2020"
"20:45:00",114.7,0.4,204.4,"Verão 1 - 2020"
"21:00:00",118.7,0.4,210.9,"Verão 1 - 2020"
"21:15:00",118.5,0.4,209.1,"Verão 1 - 2020"
"21:30:00",117.7,0.4,211,"Verão 1 - 2020"
"21:45:00",120.6,0.4,211,"Verão 1 - 2020"
"22:00:00",117.7,0.4,211,"Verão 1 - 2020"
"22:15:00",118.7,0.4,211,"Verão 1 - 2020"
"22:30:00",116.8,0.4,210.9,"Verão 1 - 2020"
"22:45:00",117.1,0.4,204.4,"Verão 1 - 2020"
"23:00:00",116.7,0.4,210.9,"Verão 1 - 2020"
"23:15:00",118.2,0.4,210.9,"Verão 1 - 2020"
"23:30:00",119,0.4,210.9,"Verão 1 - 2020"
"23:45:00",118.6,0.4,210.8,"Verão 1 - 2020"
"00:00:00",1.3,0.5,2.3,"Verão 1 - 2019"
"00:15:00",1.4,0.4,2.3,"Verão 1 - 2019"
"00:30:00",1.4,0.4,2.4,"Verão 1 - 2019"
"00:45:00",1.4,0.4,2.4,"Verão 1 - 2019"
"01:00:00",1.4,0.4,2.5,"Verão 1 - 2019"
"01:15:00",1.4,0.5,2.4,"Verão 1 - 2019"
"01:30:00",1.4,0.4,2.5,"Verão 1 - 2019"
"01:45:00",1.4,0.4,2.5,"Verão 1 - 2019"
"02:00:00",1.5,0.4,2.6,"Verão 1 - 2019"
"02:15:00",1.5,0.4,2.6,"Verão 1 - 2019"
"02:30:00",1.5,0.4,2.5,"Verão 1 - 2019"
"02:45:00",1.5,0.4,2.6,"Verão 1 - 2019"
"03:00:00",1.5,0.4,2.6,"Verão 1 - 2019"
"03:15:00",1.5,0.5,2.7,"Verão 1 - 2019"
"03:30:00",1.5,0.4,2.7,"Verão 1 - 2019"
"03:45:00",1.5,0.5,2.7,"Verão 1 - 2019"
"04:00:00",1.5,0.4,2.7,"Verão 1 - 2019"
"04:15:00",1.5,0.4,2.7,"Verão 1 - 2019"
"04:30:00",1.5,0.4,2.7,"Verão 1 - 2019"
"04:45:00",1.5,0.4,2.7,"Verão 1 - 2019"
"05:00:00",1.5,0.4,2.7,"Verão 1 - 2019"
"05:15:00",1.5,0.4,2.7,"Verão 1 - 2019"
"05:30:00",1.6,0.4,2.6,"Verão 1 - 2019"
"05:45:00",1.6,0.4,2.6,"Verão 1 - 2019"
"06:00:00",1.6,0.5,2.6,"Verão 1 - 2019"
"06:15:00",1.5,0.4,2.7,"Verão 1 - 2019"
"06:30:00",1.5,0.5,2.6,"Verão 1 - 2019"
"06:45:00",1.5,0.5,2.5,"Verão 1 - 2019"
"07:00:00",1.5,0.4,2.5,"Verão 1 - 2019"
"07:15:00",1.4,0.4,2.5,"Verão 1 - 2019"
"07:30:00",1.4,0.5,2.5,"Verão 1 - 2019"
"07:45:00",1.4,0.5,2.4,"Verão 1 - 2019"
"08:00:00",1.4,0.5,2.3,"Verão 1 - 2019"
"08:15:00",1.3,0.4,2.2,"Verão 1 - 2019"
"08:30:00",1.3,0.4,2.3,"Verão 1 - 2019"
"08:45:00",1.3,0.5,2.3,"Verão 1 - 2019"
"09:00:00",1.3,0.5,2.3,"Verão 1 - 2019"
"09:15:00",1.2,0.4,2.3,"Verão 1 - 2019"
"09:30:00",1.2,0.5,2.4,"Verão 1 - 2019"
"09:45:00",1.2,0.5,2.4,"Verão 1 - 2019"
"10:00:00",1.2,0.5,2.5,"Verão 1 - 2019"
"10:15:00",1.2,0.5,2.4,"Verão 1 - 2019"
"10:30:00",1.2,0.5,2.4,"Verão 1 - 2019"
"10:45:00",1.2,0.5,2.3,"Verão 1 - 2019"
"11:00:00",1.1,0.5,2.2,"Verão 1 - 2019"
"11:15:00",1.1,0.5,2.5,"Verão 1 - 2019"
"11:30:00",1.1,0.5,2.5,"Verão 1 - 2019"
"11:45:00",1.1,0.5,2.4,"Verão 1 - 2019"
"12:00:00",1.1,0.5,2.5,"Verão 1 - 2019"
"12:15:00",1.1,0.5,2.2,"Verão 1 - 2019"
"12:30:00",1.1,0.5,2.2,"Verão 1 - 2019"
"12:45:00",1.1,0.5,2.2,"Verão 1 - 2019"
"13:00:00",1.1,0.5,2.2,"Verão 1 - 2019"
"13:15:00",1.1,0.5,2.2,"Verão 1 - 2019"
"13:30:00",1.1,0.5,2.3,"Verão 1 - 2019"
"13:45:00",1.1,0.5,2.3,"Verão 1 - 2019"
"14:00:00",1.1,0.5,2.2,"Verão 1 - 2019"
"14:15:00",1.1,0.5,2.2,"Verão 1 - 2019"
"14:30:00",1.1,0.5,2.3,"Verão 1 - 2019"
"14:45:00",1.1,0.5,2.2,"Verão 1 - 2019"
"15:00:00",1.1,0.5,2.2,"Verão 1 - 2019"
"15:15:00",1.1,0.5,2.2,"Verão 1 - 2019"
"15:30:00",1.1,0.5,2.2,"Verão 1 - 2019"
"15:45:00",1.1,0.5,2.2,"Verão 1 - 2019"
"16:00:00",1.1,0.5,2.1,"Verão 1 - 2019"
"16:15:00",1.1,0.5,2.2,"Verão 1 - 2019"
"16:30:00",1.1,0.5,2.2,"Verão 1 - 2019"
"16:45:00",1.1,0.5,2.2,"Verão 1 - 2019"
"17:00:00",1.1,0.5,2.3,"Verão 1 - 2019"
"17:15:00",1.1,0.5,2.3,"Verão 1 - 2019"
"17:30:00",1.1,0.5,2.2,"Verão 1 - 2019"
"17:45:00",1.1,0.5,2.2,"Verão 1 - 2019"
"18:00:00",1.1,0.5,2.1,"Verão 1 - 2019"
"18:15:00",1.1,0.5,2.1,"Verão 1 - 2019"
"18:30:00",1.2,0.5,2.1,"Verão 1 - 2019"
"18:45:00",1.2,0.5,2.1,"Verão 1 - 2019"
"19:00:00",1.2,0.5,2.2,"Verão 1 - 2019"
"19:15:00",1.2,0.5,2.2,"Verão 1 - 2019"
"19:30:00",1.2,0.5,2.2,"Verão 1 - 2019"
"19:45:00",1.2,0.5,2.3,"Verão 1 - 2019"
"20:00:00",1.2,0.5,2.2,"Verão 1 - 2019"
"20:15:00",1.2,0.5,2.2,"Verão 1 - 2019"
"20:30:00",1.2,0.5,2.3,"Verão 1 - 2019"
"20:45:00",1.2,0.4,2.3,"Verão 1 - 2019"
"21:00:00",1.2,0.5,2.3,"Verão 1 - 2019"
"21:15:00",1.2,0.5,2.3,"Verão 1 - 2019"
"21:30:00",1.2,0.4,2.3,"Verão 1 - 2019"
"21:45:00",1.2,0.4,2.5,"Verão 1 - 2019"
"22:00:00",1.2,0.5,2.4,"Verão 1 - 2019"
"22:15:00",1.3,0.4,2.5,"Verão 1 - 2019"
"22:30:00",1.3,0.5,2.5,"Verão 1 - 2019"
"22:45:00",1.3,0.5,2.4,"Verão 1 - 2019"
"23:00:00",1.3,0.4,2.3,"Verão 1 - 2019"
"23:15:00",1.3,0.4,2.4,"Verão 1 - 2019"
"23:30:00",1.3,0.4,2.4,"Verão 1 - 2019"
"23:45:00",1.3,0.4,2.4,"Verão 1 - 2019"
"00:00:00",2.4,0.4,12.2,"Verão 2 - 2021"
"00:15:00",2.5,0.4,11.3,"Verão 2 - 2021"
"00:30:00",2.5,0.4,11.5,"Verão 2 - 2021"
"00:45:00",2.5,0.4,10.8,"Verão 2 - 2021"
"01:00:00",2.6,0.4,11,"Verão 2 - 2021"
"01:15:00",2.6,0.4,10.9,"Verão 2 - 2021"
"01:30:00",2.6,0.4,9.2,"Verão 2 - 2021"
"01:45:00",2.6,0.4,9.6,"Verão 2 - 2021"
"02:00:00",2.7,0.4,10.2,"Verão 2 - 2021"
"02:15:00",2.8,0.4,11.3,"Verão 2 - 2021"
"02:30:00",2.9,0.4,11.7,"Verão 2 - 2021"
"02:45:00",3,0.4,12.6,"Verão 2 - 2021"
"03:00:00",3.1,0.3,13.5,"Verão 2 - 2021"
"03:15:00",3.1,0.4,14.2,"Verão 2 - 2021"
"03:30:00",3.2,0.4,14.4,"Verão 2 - 2021"
"03:45:00",3.3,0.4,14.4,"Verão 2 - 2021"
"04:00:00",3.4,0.4,14.7,"Verão 2 - 2021"
"04:15:00",3.5,0.4,14.9,"Verão 2 - 2021"
"04:30:00",3.7,0.4,15.1,"Verão 2 - 2021"
"04:45:00",3.9,0.4,15.3,"Verão 2 - 2021"
"05:00:00",4,0.4,15.6,"Verão 2 - 2021"
"05:15:00",4.3,0.4,15.6,"Verão 2 - 2021"
"05:30:00",4.5,0.4,15.6,"Verão 2 - 2021"
"05:45:00",5,0.4,15.1,"Verão 2 - 2021"
"06:00:00",5.7,0.4,15.6,"Verão 2 - 2021"
"06:15:00",6.5,0.4,15.4,"Verão 2 - 2021"
"06:30:00",6.9,0.4,15.3,"Verão 2 - 2021"
"06:45:00",7.1,0.4,15.7,"Verão 2 - 2021"
"07:00:00",7,0.4,15.6,"Verão 2 - 2021"
"07:15:00",6.9,0.4,15.5,"Verão 2 - 2021"
"07:30:00",6.7,0.4,15.1,"Verão 2 - 2021"
"07:45:00",6.4,0.4,15,"Verão 2 - 2021"
"08:00:00",6.2,0.4,14.1,"Verão 2 - 2021"
"08:15:00",6.1,0.4,13.4,"Verão 2 - 2021"
"08:30:00",5.9,0.4,12.8,"Verão 2 - 2021"
"08:45:00",5.7,0.4,12.7,"Verão 2 - 2021"
"09:00:00",5.7,0.4,13.3,"Verão 2 - 2021"
"09:15:00",5.6,0.4,13.8,"Verão 2 - 2021"
"09:30:00",5.5,0.4,13.3,"Verão 2 - 2021"
"09:45:00",5.4,0.4,12.9,"Verão 2 - 2021"
"10:00:00",5.3,0.4,12.2,"Verão 2 - 2021"
"10:15:00",5.2,0.4,12.2,"Verão 2 - 2021"
"10:30:00",5.2,0.4,12.4,"Verão 2 - 2021"
"10:45:00",5.2,0.4,12.4,"Verão 2 - 2021"
"11:00:00",5.2,0.4,12.6,"Verão 2 - 2021"
"11:15:00",5.2,0.4,12.5,"Verão 2 - 2021"
"11:30:00",5.1,0.4,12.4,"Verão 2 - 2021"
"11:45:00",5.1,0.4,12.5,"Verão 2 - 2021"
"12:00:00",5.1,0.4,12.1,"Verão 2 - 2021"
"12:15:00",5,0.4,11.7,"Verão 2 - 2021"
"12:30:00",5,0.4,11.3,"Verão 2 - 2021"
"12:45:00",4.9,0.4,12.1,"Verão 2 - 2021"
"13:00:00",4.9,0.4,11.4,"Verão 2 - 2021"
"13:15:00",4.9,0.4,11.1,"Verão 2 - 2021"
"13:30:00",5,0.4,10.9,"Verão 2 - 2021"
"13:45:00",5,0.4,11.7,"Verão 2 - 2021"
"14:00:00",5,0.4,12.1,"Verão 2 - 2021"
"14:15:00",4.9,0.4,12.4,"Verão 2 - 2021"
"14:30:00",5.1,0.4,12.3,"Verão 2 - 2021"
"14:45:00",4.9,0.4,12,"Verão 2 - 2021"
"15:00:00",5,0.4,12,"Verão 2 - 2021"
"15:15:00",5.1,0.4,12.2,"Verão 2 - 2021"
"15:30:00",5.2,0.4,12.5,"Verão 2 - 2021"
"15:45:00",5.2,0.4,12.4,"Verão 2 - 2021"
"16:00:00",5.1,0.4,11.6,"Verão 2 - 2021"
"16:15:00",5.2,0.4,10.7,"Verão 2 - 2021"
"16:30:00",5.1,0.4,11.6,"Verão 2 - 2021"
"16:45:00",5.2,0.4,11.3,"Verão 2 - 2021"
"17:00:00",5.2,0.4,11.3,"Verão 2 - 2021"
"17:15:00",5.3,0.4,10.7,"Verão 2 - 2021"
"17:30:00",5.4,0.4,11,"Verão 2 - 2021"
"17:45:00",5.5,0.4,11.4,"Verão 2 - 2021"
"18:00:00",5.5,0.4,12.3,"Verão 2 - 2021"
"18:15:00",5.6,0.4,12.2,"Verão 2 - 2021"
"18:30:00",5.5,0.4,11.9,"Verão 2 - 2021"
"18:45:00",5.6,0.4,11.9,"Verão 2 - 2021"
"19:00:00",5.5,0.4,11.9,"Verão 2 - 2021"
"19:15:00",5.5,0.4,12,"Verão 2 - 2021"
"19:30:00",5.3,0.4,12.3,"Verão 2 - 2021"
"19:45:00",5.2,0.4,12.5,"Verão 2 - 2021"
"20:00:00",4.9,0.3,12,"Verão 2 - 2021"
"20:15:00",4.6,0.4,12.1,"Verão 2 - 2021"
"20:30:00",4.3,0.4,12.4,"Verão 2 - 2021"
"20:45:00",4.1,0.4,12.6,"Verão 2 - 2021"
"21:00:00",3.9,0.4,12,"Verão 2 - 2021"
"21:15:00",3.8,0.4,11.6,"Verão 2 - 2021"
"21:30:00",3.6,0.4,11.6,"Verão 2 - 2021"
"21:45:00",3.4,0.4,12.1,"Verão 2 - 2021"
"22:00:00",3.1,0.4,12.2,"Verão 2 - 2021"
"22:15:00",3,0.4,12.3,"Verão 2 - 2021"
"22:30:00",2.8,0.4,12.4,"Verão 2 - 2021"
"22:45:00",2.7,0.4,12.2,"Verão 2 - 2021"
"23:00:00",2.5,0.4,12.3,"Verão 2 - 2021"
"23:15:00",2.6,0.4,12.2,"Verão 2 - 2021"
"23:30:00",2.5,0.4,12.3,"Verão 2 - 2021"
"23:45:00",2.4,0.4,12.4,"Verão 2 - 2021"
"00:00:00",8.8,4.1,16.4,"Verão 2 - 2020"
"00:15:00",9,4.3,16.7,"Verão 2 - 2020"
"00:30:00",9.2,4.5,17.4,"Verão 2 - 2020"
"00:45:00",9.3,4.7,17.6,"Verão 2 - 2020"
"01:00:00",9.6,4.9,18.1,"Verão 2 - 2020"
"01:15:00",9.8,5.1,18.3,"Verão 2 - 2020"
"01:30:00",10,5.3,18.8,"Verão 2 - 2020"
"01:45:00",10.2,5.5,19,"Verão 2 - 2020"
"02:00:00",10.4,5.7,19,"Verão 2 - 2020"
"02:15:00",10.6,5.9,19.3,"Verão 2 - 2020"
"02:30:00",10.8,6.2,19.5,"Verão 2 - 2020"
"02:45:00",11,6.4,18.2,"Verão 2 - 2020"
"03:00:00",11.1,6.4,18.1,"Verão 2 - 2020"
"03:15:00",11.2,6.4,18.7,"Verão 2 - 2020"
"03:30:00",11.4,6.5,19,"Verão 2 - 2020"
"03:45:00",11.5,6.7,19.1,"Verão 2 - 2020"
"04:00:00",11.6,6.8,19.2,"Verão 2 - 2020"
"04:15:00",11.6,6.6,19.4,"Verão 2 - 2020"
"04:30:00",11.7,6.7,18.9,"Verão 2 - 2020"
"04:45:00",11.7,6.9,18.4,"Verão 2 - 2020"
"05:00:00",11.7,6.9,18.7,"Verão 2 - 2020"
"05:15:00",11.8,6.7,18.7,"Verão 2 - 2020"
"05:30:00",11.7,6.6,18.7,"Verão 2 - 2020"
"05:45:00",11.9,5.8,18.7,"Verão 2 - 2020"
"06:00:00",12.3,5.5,18.8,"Verão 2 - 2020"
"06:15:00",12.4,6.4,17.7,"Verão 2 - 2020"
"06:30:00",12.3,6.4,17.3,"Verão 2 - 2020"
"06:45:00",12.2,6.8,16.9,"Verão 2 - 2020"
"07:00:00",11.9,6.9,16.2,"Verão 2 - 2020"
"07:15:00",11.5,6.4,16.2,"Verão 2 - 2020"
"07:30:00",11.1,6.5,15.7,"Verão 2 - 2020"
"07:45:00",10.7,6.4,15.6,"Verão 2 - 2020"
"08:00:00",10.3,5.8,16,"Verão 2 - 2020"
"08:15:00",9.9,5.9,16,"Verão 2 - 2020"
"08:30:00",9.5,5.8,15.4,"Verão 2 - 2020"
"08:45:00",9.2,5.5,15,"Verão 2 - 2020"
"09:00:00",8.8,3,13.7,"Verão 2 - 2020"
"09:15:00",8.5,2.4,14.6,"Verão 2 - 2020"
"09:30:00",8.3,2.2,14.5,"Verão 2 - 2020"
"09:45:00",8,1.8,14.5,"Verão 2 - 2020"
"10:00:00",7.8,1.4,14.6,"Verão 2 - 2020"
"10:15:00",7.6,1.1,14.3,"Verão 2 - 2020"
"10:30:00",7.4,2.3,12.9,"Verão 2 - 2020"
"10:45:00",7.3,2,12.5,"Verão 2 - 2020"
"11:00:00",7.1,1.8,12.2,"Verão 2 - 2020"
"11:15:00",7.1,2.2,11.6,"Verão 2 - 2020"
"11:30:00",7,1.5,11.5,"Verão 2 - 2020"
"11:45:00",6.9,1.2,11.6,"Verão 2 - 2020"
"12:00:00",6.8,0.7,13,"Verão 2 - 2020"
"12:15:00",6.9,0.6,13.2,"Verão 2 - 2020"
"12:30:00",6.8,0.5,13.9,"Verão 2 - 2020"
"12:45:00",6.8,0.4,13.9,"Verão 2 - 2020"
"13:00:00",6.8,0.4,13.5,"Verão 2 - 2020"
"13:15:00",6.8,0.4,13.2,"Verão 2 - 2020"
"13:30:00",6.7,0.4,13.2,"Verão 2 - 2020"
"13:45:00",6.7,0.4,12.8,"Verão 2 - 2020"
"14:00:00",6.8,0.4,13.6,"Verão 2 - 2020"
"14:15:00",6.8,0.4,13.3,"Verão 2 - 2020"
"14:30:00",6.8,0.4,12.8,"Verão 2 - 2020"
"14:45:00",6.9,0.4,13,"Verão 2 - 2020"
"15:00:00",6.9,0.4,12.8,"Verão 2 - 2020"
"15:15:00",6.9,0.4,12.5,"Verão 2 - 2020"
"15:30:00",7,0.4,12.3,"Verão 2 - 2020"
"15:45:00",7.1,0.4,12.6,"Verão 2 - 2020"
"16:00:00",7.1,0.4,12.8,"Verão 2 - 2020"
"16:15:00",7.1,0.4,12.7,"Verão 2 - 2020"
"16:30:00",7.2,0.4,12.2,"Verão 2 - 2020"
"16:45:00",7.3,0.4,12.3,"Verão 2 - 2020"
"17:00:00",7.3,0.4,12.3,"Verão 2 - 2020"
"17:15:00",7.4,0.4,12.9,"Verão 2 - 2020"
"17:30:00",7.4,0.4,13.1,"Verão 2 - 2020"
"17:45:00",7.5,0.4,13,"Verão 2 - 2020"
"18:00:00",7.5,0.4,12.9,"Verão 2 - 2020"
"18:15:00",7.6,0.4,12.9,"Verão 2 - 2020"
"18:30:00",7.7,0.5,12.7,"Verão 2 - 2020"
"18:45:00",7.8,0.7,12.7,"Verão 2 - 2020"
"19:00:00",7.9,0.8,13.3,"Verão 2 - 2020"
"19:15:00",8,0.8,13.7,"Verão 2 - 2020"
"19:30:00",8,0.8,13.6,"Verão 2 - 2020"
"19:45:00",8,0.9,13.8,"Verão 2 - 2020"
"20:00:00",8,1.1,13.8,"Verão 2 - 2020"
"20:15:00",8.1,1.8,13.4,"Verão 2 - 2020"
"20:30:00",8.2,2,13.4,"Verão 2 - 2020"
"20:45:00",8.3,2.1,13.4,"Verão 2 - 2020"
"21:00:00",8.4,2.2,14.2,"Verão 2 - 2020"
"21:15:00",8.5,2.4,14.6,"Verão 2 - 2020"
"21:30:00",8.5,2.6,15.3,"Verão 2 - 2020"
"21:45:00",8.5,2.8,15.4,"Verão 2 - 2020"
"22:00:00",8.4,2.9,15.3,"Verão 2 - 2020"
"22:15:00",8.3,3.1,15.2,"Verão 2 - 2020"
"22:30:00",8.3,3.2,15.4,"Verão 2 - 2020"
"22:45:00",8.2,3.3,15.8,"Verão 2 - 2020"
"23:00:00",8.3,3.6,16.3,"Verão 2 - 2020"
"23:15:00",8.4,3.5,17,"Verão 2 - 2020"
"23:30:00",8.5,3.7,17,"Verão 2 - 2020"
"23:45:00",8.7,4,16.8,"Verão 2 - 2020"
"00:00:00",33.6,1,210.2,"Verão 2 - 2019"
"00:15:00",34.9,1,211,"Verão 2 - 2019"
"00:30:00",35.2,1,205.5,"Verão 2 - 2019"
"00:45:00",35.4,1,210.9,"Verão 2 - 2019"
"01:00:00",35.8,1,210.5,"Verão 2 - 2019"
"01:15:00",36,1,209.4,"Verão 2 - 2019"
"01:30:00",36.2,1,210.2,"Verão 2 - 2019"
"01:45:00",36.5,1,210.9,"Verão 2 - 2019"
"02:00:00",36.3,1,210.9,"Verão 2 - 2019"
"02:15:00",36.8,1,210.9,"Verão 2 - 2019"
"02:30:00",36.4,1,210.9,"Verão 2 - 2019"
"02:45:00",36,1,208.9,"Verão 2 - 2019"
"03:00:00",36,1,211,"Verão 2 - 2019"
"03:15:00",35.1,1,210.5,"Verão 2 - 2019"
"03:30:00",35.6,1,209.3,"Verão 2 - 2019"
"03:45:00",34.4,1,210,"Verão 2 - 2019"
"04:00:00",36,1,211,"Verão 2 - 2019"
"04:15:00",36.1,1,209.3,"Verão 2 - 2019"
"04:30:00",36.1,1,211,"Verão 2 - 2019"
"04:45:00",35,1,210.9,"Verão 2 - 2019"
"05:00:00",35.8,1,210.9,"Verão 2 - 2019"
"05:15:00",35.9,1,210.9,"Verão 2 - 2019"
"05:30:00",35.2,1,210.9,"Verão 2 - 2019"
"05:45:00",35.9,1,211,"Verão 2 - 2019"
"06:00:00",35.4,1,204.4,"Verão 2 - 2019"
"06:15:00",34.7,1,209.8,"Verão 2 - 2019"
"06:30:00",35.3,1,210.5,"Verão 2 - 2019"
"06:45:00",35.4,1,210.9,"Verão 2 - 2019"
"07:00:00",36.3,1,209.4,"Verão 2 - 2019"
"07:15:00",36,1,210.7,"Verão 2 - 2019"
"07:30:00",35.2,1,207.7,"Verão 2 - 2019"
"07:45:00",35.8,1,211,"Verão 2 - 2019"
"08:00:00",35.5,1,209.2,"Verão 2 - 2019"
"08:15:00",35.9,1,208.7,"Verão 2 - 2019"
"08:30:00",34.6,1,210.5,"Verão 2 - 2019"
"08:45:00",36,1,211,"Verão 2 - 2019"
"09:00:00",35.2,1,202.8,"Verão 2 - 2019"
"09:15:00",35.4,0.9,210.9,"Verão 2 - 2019"
"09:30:00",36.3,0.9,210.9,"Verão 2 - 2019"
"09:45:00",35.6,0.9,210.8,"Verão 2 - 2019"
"10:00:00",35.8,0.9,208.1,"Verão 2 - 2019"
"10:15:00",35.9,0.9,209.4,"Verão 2 - 2019"
"10:30:00",35.5,0.9,210.4,"Verão 2 - 2019"
"10:45:00",35.7,0.9,206.5,"Verão 2 - 2019"
"11:00:00",35.9,0.9,210.9,"Verão 2 - 2019"
"11:15:00",35.9,0.9,210.3,"Verão 2 - 2019"
"11:30:00",36.1,0.9,211,"Verão 2 - 2019"
"11:45:00",35.3,0.9,206.9,"Verão 2 - 2019"
"12:00:00",35.7,0.9,210.5,"Verão 2 - 2019"
"12:15:00",33.9,0.9,210.4,"Verão 2 - 2019"
"12:30:00",34.1,0.9,209.4,"Verão 2 - 2019"
"12:45:00",34.6,0.9,210.8,"Verão 2 - 2019"
"13:00:00",34.2,0.9,210.4,"Verão 2 - 2019"
"13:15:00",34.7,0.9,210.5,"Verão 2 - 2019"
"13:30:00",34.9,0.9,211,"Verão 2 - 2019"
"13:45:00",34.6,0.9,210.9,"Verão 2 - 2019"
"14:00:00",33.3,0.9,209.3,"Verão 2 - 2019"
"14:15:00",34.3,0.9,210.9,"Verão 2 - 2019"
"14:30:00",33.8,0.9,210.8,"Verão 2 - 2019"
"14:45:00",35.7,0.9,204.4,"Verão 2 - 2019"
"15:00:00",35.6,0.9,209.3,"Verão 2 - 2019"
"15:15:00",35.3,0.9,210.9,"Verão 2 - 2019"
"15:30:00",34.8,0.9,210.2,"Verão 2 - 2019"
"15:45:00",35.7,0.9,207.7,"Verão 2 - 2019"
"16:00:00",35.8,0.9,210.9,"Verão 2 - 2019"
"16:15:00",34.5,0.9,204.3,"Verão 2 - 2019"
"16:30:00",35.4,0.9,204.3,"Verão 2 - 2019"
"16:45:00",35.9,0.9,211,"Verão 2 - 2019"
"17:00:00",35.4,0.9,207.5,"Verão 2 - 2019"
"17:15:00",35.6,0.9,209.4,"Verão 2 - 2019"
"17:30:00",36,0.9,210.2,"Verão 2 - 2019"
"17:45:00",35.4,0.9,210.9,"Verão 2 - 2019"
"18:00:00",36.1,0.9,207.3,"Verão 2 - 2019"
"18:15:00",35.5,0.9,207.4,"Verão 2 - 2019"
"18:30:00",36.5,0.9,211,"Verão 2 - 2019"
"18:45:00",35.4,0.9,208.5,"Verão 2 - 2019"
"19:00:00",35.4,0.9,210.2,"Verão 2 - 2019"
"19:15:00",36.4,0.9,209.6,"Verão 2 - 2019"
"19:30:00",35.7,1,208.6,"Verão 2 - 2019"
"19:45:00",35.6,1,209.9,"Verão 2 - 2019"
"20:00:00",35.5,1,211,"Verão 2 - 2019"
"20:15:00",35.4,1,210.4,"Verão 2 - 2019"
"20:30:00",35,0.9,210.9,"Verão 2 - 2019"
"20:45:00",34.9,1,201.9,"Verão 2 - 2019"
"21:00:00",35.8,1,210.9,"Verão 2 - 2019"
"21:15:00",35.8,1,210.8,"Verão 2 - 2019"
"21:30:00",35.2,1,211,"Verão 2 - 2019"
"21:45:00",35.1,1,207.7,"Verão 2 - 2019"
"22:00:00",36,1,205.2,"Verão 2 - 2019"
"22:15:00",35.1,1,210.9,"Verão 2 - 2019"
"22:30:00",35.5,1,209.2,"Verão 2 - 2019"
"22:45:00",35.4,1,207.7,"Verão 2 - 2019"
"23:00:00",34.5,1,209.3,"Verão 2 - 2019"
"23:15:00",35.4,1,210.9,"Verão 2 - 2019"
"23:30:00",35.3,1,210.3,"Verão 2 - 2019"
"23:45:00",35.6,1,210.9,"Verão 2 - 2019"
"00:00:00",4.8,0.4,13.3,"Inverno - 2021"
"00:15:00",4.7,0.4,13.6,"Inverno - 2021"
"00:30:00",4.7,0.4,13.9,"Inverno - 2021"
"00:45:00",4.8,0.4,14.1,"Inverno - 2021"
"01:00:00",4.8,0.4,14.1,"Inverno - 2021"
"01:15:00",4.7,0.3,14.7,"Inverno - 2021"
"01:30:00",4.7,0.4,14.9,"Inverno - 2021"
"01:45:00",4.7,0.4,15.5,"Inverno - 2021"
"02:00:00",4.8,0.4,15.8,"Inverno - 2021"
"02:15:00",4.9,0.4,16.1,"Inverno - 2021"
"02:30:00",4.9,0.4,16.6,"Inverno - 2021"
"02:45:00",5,0.4,16.5,"Inverno - 2021"
"03:00:00",5.1,0.4,17.2,"Inverno - 2021"
"03:15:00",5.1,0.4,17.6,"Inverno - 2021"
"03:30:00",5.2,0.4,17.6,"Inverno - 2021"
"03:45:00",5.3,0.4,17.7,"Inverno - 2021"
"04:00:00",5.4,0.4,17.7,"Inverno - 2021"
"04:15:00",5.6,0.4,17.9,"Inverno - 2021"
"04:30:00",5.8,0.4,18.5,"Inverno - 2021"
"04:45:00",6,0.3,19,"Inverno - 2021"
"05:00:00",6.3,0.4,19.1,"Inverno - 2021"
"05:15:00",6.7,0.4,18,"Inverno - 2021"
"05:30:00",7,0.4,17.9,"Inverno - 2021"
"05:45:00",7.6,0.4,17,"Inverno - 2021"
"06:00:00",8.4,0.4,16.6,"Inverno - 2021"
"06:15:00",9.2,0.4,17.5,"Inverno - 2021"
"06:30:00",9.7,0.4,17.9,"Inverno - 2021"
"06:45:00",10.1,0.4,16.5,"Inverno - 2021"
"07:00:00",10.3,0.4,16.5,"Inverno - 2021"
"07:15:00",10.2,0.4,15.5,"Inverno - 2021"
"07:30:00",9.9,0.4,15.9,"Inverno - 2021"
"07:45:00",9.6,0.4,16.2,"Inverno - 2021"
"08:00:00",9.3,0.4,16,"Inverno - 2021"
"08:15:00",9.1,0.4,15.5,"Inverno - 2021"
"08:30:00",8.9,0.4,14.3,"Inverno - 2021"
"08:45:00",8.6,0.4,14.2,"Inverno - 2021"
"09:00:00",8.4,0.4,14.1,"Inverno - 2021"
"09:15:00",8.2,0.4,13.3,"Inverno - 2021"
"09:30:00",8,0.4,12.5,"Inverno - 2021"
"09:45:00",7.8,0.4,12.4,"Inverno - 2021"
"10:00:00",7.7,0.4,12.2,"Inverno - 2021"
"10:15:00",7.6,0.4,11.8,"Inverno - 2021"
"10:30:00",7.4,0.4,11.3,"Inverno - 2021"
"10:45:00",7.4,0.4,12.1,"Inverno - 2021"
"11:00:00",7.3,0.4,12.2,"Inverno - 2021"
"11:15:00",7.3,0.4,12,"Inverno - 2021"
"11:30:00",7.3,0.4,11.5,"Inverno - 2021"
"11:45:00",7.3,0.4,11.8,"Inverno - 2021"
"12:00:00",7.3,0.4,12.7,"Inverno - 2021"
"12:15:00",7.3,0.4,13.1,"Inverno - 2021"
"12:30:00",7.3,0.4,13.1,"Inverno - 2021"
"12:45:00",7.3,0.4,12.6,"Inverno - 2021"
"13:00:00",7.4,0.4,12.7,"Inverno - 2021"
"13:15:00",7.4,0.4,11.8,"Inverno - 2021"
"13:30:00",7.4,0.4,12.3,"Inverno - 2021"
"13:45:00",7.4,0.4,12,"Inverno - 2021"
"14:00:00",7.5,0.4,11.9,"Inverno - 2021"
"14:15:00",7.5,0.4,11.9,"Inverno - 2021"
"14:30:00",7.6,0.4,12,"Inverno - 2021"
"14:45:00",7.6,0.4,12.2,"Inverno - 2021"
"15:00:00",7.6,0.4,12.3,"Inverno - 2021"
"15:15:00",7.7,0.4,12.3,"Inverno - 2021"
"15:30:00",7.7,0.4,12.6,"Inverno - 2021"
"15:45:00",7.8,0.4,13,"Inverno - 2021"
"16:00:00",7.8,0.4,13,"Inverno - 2021"
"16:15:00",7.7,0.4,12.9,"Inverno - 2021"
"16:30:00",7.8,0.4,12.9,"Inverno - 2021"
"16:45:00",7.8,0.4,12.8,"Inverno - 2021"
"17:00:00",7.9,0.4,12.7,"Inverno - 2021"
"17:15:00",7.9,0.4,12.9,"Inverno - 2021"
"17:30:00",8,0.4,12.7,"Inverno - 2021"
"17:45:00",8.1,0.4,12.9,"Inverno - 2021"
"18:00:00",8.1,0.4,13.4,"Inverno - 2021"
"18:15:00",8.2,0.4,13.8,"Inverno - 2021"
"18:30:00",8.3,0.4,13.8,"Inverno - 2021"
"18:45:00",8.4,0.4,14,"Inverno - 2021"
"19:00:00",8.5,0.4,14,"Inverno - 2021"
"19:15:00",8.5,0.4,15.3,"Inverno - 2021"
"19:30:00",8.5,0.4,15.1,"Inverno - 2021"
"19:45:00",8.4,0.4,14.9,"Inverno - 2021"
"20:00:00",8.3,0.4,14.5,"Inverno - 2021"
"20:15:00",8.1,0.4,14.7,"Inverno - 2021"
"20:30:00",7.9,0.4,14.6,"Inverno - 2021"
"20:45:00",7.7,0.4,14,"Inverno - 2021"
"21:00:00",7.6,0.4,14.2,"Inverno - 2021"
"21:15:00",7.5,0.4,14.3,"Inverno - 2021"
"21:30:00",7.2,0.4,14.2,"Inverno - 2021"
"21:45:00",7,0.4,14.3,"Inverno - 2021"
"22:00:00",6.8,0.4,13.8,"Inverno - 2021"
"22:15:00",6.6,0.4,14.1,"Inverno - 2021"
"22:30:00",6.1,0.4,14.1,"Inverno - 2021"
"22:45:00",5.7,0.4,14.5,"Inverno - 2021"
"23:00:00",5.5,0.4,14.3,"Inverno - 2021"
"23:15:00",5.3,0.4,14.8,"Inverno - 2021"
"23:30:00",5.1,0.4,13.2,"Inverno - 2021"
"23:45:00",4.9,0.4,12.7,"Inverno - 2021"
"00:00:00",8.6,4.1,16.4,"Inverno - 2020"
"00:15:00",8.8,4.3,16.7,"Inverno - 2020"
"00:30:00",8.9,4.5,17.4,"Inverno - 2020"
"00:45:00",9.1,4.7,17.6,"Inverno - 2020"
"01:00:00",9.3,4.9,18.1,"Inverno - 2020"
"01:15:00",9.5,5.1,18.3,"Inverno - 2020"
"01:30:00",9.8,5.3,18.8,"Inverno - 2020"
"01:45:00",9.9,5.5,19,"Inverno - 2020"
"02:00:00",10.1,5.7,19,"Inverno - 2020"
"02:15:00",10.3,5.9,19.3,"Inverno - 2020"
"02:30:00",10.5,6.2,19.5,"Inverno - 2020"
"02:45:00",10.7,6.4,18.2,"Inverno - 2020"
"03:00:00",10.8,6.4,18.1,"Inverno - 2020"
"03:15:00",10.9,6.4,18.7,"Inverno - 2020"
"03:30:00",11,6.5,19,"Inverno - 2020"
"03:45:00",11.2,6.7,19.1,"Inverno - 2020"
"04:00:00",11.3,6.8,19.2,"Inverno - 2020"
"04:15:00",11.3,6.6,19.4,"Inverno - 2020"
"04:30:00",11.3,6.7,18.9,"Inverno - 2020"
"04:45:00",11.4,6.9,18.3,"Inverno - 2020"
"05:00:00",11.4,6.9,18.3,"Inverno - 2020"
"05:15:00",11.5,6.7,18.1,"Inverno - 2020"
"05:30:00",11.5,6.6,17.6,"Inverno - 2020"
"05:45:00",11.6,5.8,17.7,"Inverno - 2020"
"06:00:00",12,5.5,17.8,"Inverno - 2020"
"06:15:00",12.2,6.4,17.7,"Inverno - 2020"
"06:30:00",12.2,6.4,17.3,"Inverno - 2020"
"06:45:00",12,6.8,16.6,"Inverno - 2020"
"07:00:00",11.8,6.9,16.2,"Inverno - 2020"
"07:15:00",11.4,6.4,16.2,"Inverno - 2020"
"07:30:00",11,6.5,15.7,"Inverno - 2020"
"07:45:00",10.6,6.4,15.6,"Inverno - 2020"
"08:00:00",10.2,5.8,16,"Inverno - 2020"
"08:15:00",9.8,5.9,16,"Inverno - 2020"
"08:30:00",9.5,5.8,15.4,"Inverno - 2020"
"08:45:00",9.1,5.5,15,"Inverno - 2020"
"09:00:00",8.7,3,13.7,"Inverno - 2020"
"09:15:00",8.4,2.4,14.6,"Inverno - 2020"
"09:30:00",8.1,2.2,14.5,"Inverno - 2020"
"09:45:00",7.9,1.8,14.5,"Inverno - 2020"
"10:00:00",7.6,1.4,14.6,"Inverno - 2020"
"10:15:00",7.4,1.1,14.3,"Inverno - 2020"
"10:30:00",7.3,2.3,12.9,"Inverno - 2020"
"10:45:00",7.1,2,12.5,"Inverno - 2020"
"11:00:00",6.9,1.8,12.2,"Inverno - 2020"
"11:15:00",6.9,2.2,11.6,"Inverno - 2020"
"11:30:00",6.8,1.5,11.5,"Inverno - 2020"
"11:45:00",6.7,1.2,11.6,"Inverno - 2020"
"12:00:00",6.7,0.7,13,"Inverno - 2020"
"12:15:00",6.7,0.6,13.2,"Inverno - 2020"
"12:30:00",6.7,0.5,13.9,"Inverno - 2020"
"12:45:00",6.7,0.4,13.9,"Inverno - 2020"
"13:00:00",6.6,0.4,13.5,"Inverno - 2020"
"13:15:00",6.6,0.4,13.2,"Inverno - 2020"
"13:30:00",6.5,0.4,13.2,"Inverno - 2020"
"13:45:00",6.6,0.4,12.8,"Inverno - 2020"
"14:00:00",6.6,0.4,13.6,"Inverno - 2020"
"14:15:00",6.6,0.4,13.3,"Inverno - 2020"
"14:30:00",6.6,0.4,12.8,"Inverno - 2020"
"14:45:00",6.7,0.4,13,"Inverno - 2020"
"15:00:00",6.7,0.4,12.8,"Inverno - 2020"
"15:15:00",6.7,0.4,12.5,"Inverno - 2020"
"15:30:00",6.7,0.5,12.1,"Inverno - 2020"
"15:45:00",6.8,0.7,12.6,"Inverno - 2020"
"16:00:00",6.8,0.6,12.8,"Inverno - 2020"
"16:15:00",6.8,0.6,12.7,"Inverno - 2020"
"16:30:00",6.9,0.5,12.1,"Inverno - 2020"
"16:45:00",7,0.5,12.3,"Inverno - 2020"
"17:00:00",7,0.5,12.3,"Inverno - 2020"
"17:15:00",7.1,0.5,12.8,"Inverno - 2020"
"17:30:00",7.1,0.5,13.1,"Inverno - 2020"
"17:45:00",7.2,0.5,13,"Inverno - 2020"
"18:00:00",7.2,0.5,12.9,"Inverno - 2020"
"18:15:00",7.3,0.6,12.9,"Inverno - 2020"
"18:30:00",7.3,1.2,12.7,"Inverno - 2020"
"18:45:00",7.4,1.5,12.5,"Inverno - 2020"
"19:00:00",7.6,2.2,13.3,"Inverno - 2020"
"19:15:00",7.7,2.3,13.7,"Inverno - 2020"
"19:30:00",7.7,2.5,13.6,"Inverno - 2020"
"19:45:00",7.7,2.7,13.8,"Inverno - 2020"
"20:00:00",7.7,2.8,13.8,"Inverno - 2020"
"20:15:00",7.8,3,13.4,"Inverno - 2020"
"20:30:00",7.9,3.2,13,"Inverno - 2020"
"20:45:00",8,3.5,13.3,"Inverno - 2020"
"21:00:00",8.1,3.8,13.8,"Inverno - 2020"
"21:15:00",8.2,4,14.3,"Inverno - 2020"
"21:30:00",8.2,4.2,15.1,"Inverno - 2020"
"21:45:00",8.3,4.1,15.4,"Inverno - 2020"
"22:00:00",8.2,3.6,14.2,"Inverno - 2020"
"22:15:00",8.1,3.3,14.2,"Inverno - 2020"
"22:30:00",8.1,3.4,14.1,"Inverno - 2020"
"22:45:00",8.1,3.5,14.7,"Inverno - 2020"
"23:00:00",8.1,3.6,14.8,"Inverno - 2020"
"23:15:00",8.2,3.5,15.3,"Inverno - 2020"
"23:30:00",8.3,3.7,15.7,"Inverno - 2020"
"23:45:00",8.4,4,16.1,"Inverno - 2020"
"00:00:00",1.1,0.4,1.4,"Inverno - 2019"
"00:15:00",1.1,0.4,1.4,"Inverno - 2019"
"00:30:00",1.1,0.4,1.3,"Inverno - 2019"
"00:45:00",1.1,0.4,1.3,"Inverno - 2019"
"01:00:00",1.1,0.4,1.4,"Inverno - 2019"
"01:15:00",1.1,0.4,1.4,"Inverno - 2019"
"01:30:00",1.1,0.4,1.4,"Inverno - 2019"
"01:45:00",1.1,0.4,1.3,"Inverno - 2019"
"02:00:00",1.1,0.4,1.3,"Inverno - 2019"
"02:15:00",1.1,0.4,1.3,"Inverno - 2019"
"02:30:00",1.1,0.4,1.3,"Inverno - 2019"
"02:45:00",1.1,0.4,1.3,"Inverno - 2019"
"03:00:00",1.1,0.4,1.4,"Inverno - 2019"
"03:15:00",1.1,0.4,1.3,"Inverno - 2019"
"03:30:00",1.1,0.4,1.3,"Inverno - 2019"
"03:45:00",1.1,0.4,1.4,"Inverno - 2019"
"04:00:00",1.1,0.4,1.4,"Inverno - 2019"
"04:15:00",1.1,0.4,1.4,"Inverno - 2019"
"04:30:00",1.1,0.4,1.4,"Inverno - 2019"
"04:45:00",1.1,0.4,1.4,"Inverno - 2019"
"05:00:00",1.1,0.4,1.4,"Inverno - 2019"
"05:15:00",1.2,0.4,1.4,"Inverno - 2019"
"05:30:00",1.2,0.4,1.4,"Inverno - 2019"
"05:45:00",1.2,0.4,1.4,"Inverno - 2019"
"06:00:00",1.2,0.4,1.4,"Inverno - 2019"
"06:15:00",1.2,0.4,1.4,"Inverno - 2019"
"06:30:00",1.2,0.4,1.4,"Inverno - 2019"
"06:45:00",1.2,0.4,1.4,"Inverno - 2019"
"07:00:00",1.2,0.4,1.4,"Inverno - 2019"
"07:15:00",1.2,0.4,1.4,"Inverno - 2019"
"07:30:00",1.2,0.4,1.4,"Inverno - 2019"
"07:45:00",1.2,0.4,1.4,"Inverno - 2019"
"08:00:00",1.2,0.4,1.4,"Inverno - 2019"
"08:15:00",1.1,0.4,1.4,"Inverno - 2019"
"08:30:00",1.1,0.4,1.4,"Inverno - 2019"
"08:45:00",1.1,0.4,1.4,"Inverno - 2019"
"09:00:00",1.1,0.4,1.4,"Inverno - 2019"
"09:15:00",1.1,0.4,1.4,"Inverno - 2019"
"09:30:00",1.1,0.4,1.4,"Inverno - 2019"
"09:45:00",1.1,0.4,1.4,"Inverno - 2019"
"10:00:00",1.1,0.4,1.4,"Inverno - 2019"
"10:15:00",1.1,0.4,1.3,"Inverno - 2019"
"10:30:00",1.1,0.4,1.3,"Inverno - 2019"
"10:45:00",1.1,0.4,1.3,"Inverno - 2019"
"11:00:00",1.1,0.4,1.3,"Inverno - 2019"
"11:15:00",1.1,0.4,1.3,"Inverno - 2019"
"11:30:00",1.1,0.4,1.3,"Inverno - 2019"
"11:45:00",1,0.4,1.3,"Inverno - 2019"
"12:00:00",1,0.4,1.3,"Inverno - 2019"
"12:15:00",1,0.4,1.3,"Inverno - 2019"
"12:30:00",1,0.4,1.3,"Inverno - 2019"
"12:45:00",1,0.4,1.3,"Inverno - 2019"
"13:00:00",1,0.4,1.3,"Inverno - 2019"
"13:15:00",1,0.4,1.3,"Inverno - 2019"
"13:30:00",1,0.4,1.3,"Inverno - 2019"
"13:45:00",1,0.4,1.2,"Inverno - 2019"
"14:00:00",1,0.4,1.3,"Inverno - 2019"
"14:15:00",1,0.4,1.3,"Inverno - 2019"
"14:30:00",1,0.4,1.2,"Inverno - 2019"
"14:45:00",1,0.4,1.2,"Inverno - 2019"
"15:00:00",1,0.4,1.3,"Inverno - 2019"
"15:15:00",1,0.4,1.2,"Inverno - 2019"
"15:30:00",1,0.4,1.2,"Inverno - 2019"
"15:45:00",1,0.4,1.2,"Inverno - 2019"
"16:00:00",1,0.4,1.2,"Inverno - 2019"
"16:15:00",1,0.4,1.2,"Inverno - 2019"
"16:30:00",1.1,0.4,1.2,"Inverno - 2019"
"16:45:00",1.1,0.4,1.2,"Inverno - 2019"
"17:00:00",1.1,0.4,1.3,"Inverno - 2019"
"17:15:00",1.1,0.4,1.3,"Inverno - 2019"
"17:30:00",1.1,0.4,1.3,"Inverno - 2019"
"17:45:00",1.1,0.4,1.3,"Inverno - 2019"
"18:00:00",1.1,0.4,1.3,"Inverno - 2019"
"18:15:00",1.1,0.4,1.3,"Inverno - 2019"
"18:30:00",1.1,0.4,1.3,"Inverno - 2019"
"18:45:00",1.1,0.4,1.3,"Inverno - 2019"
"19:00:00",1.1,0.4,1.3,"Inverno - 2019"
"19:15:00",1.1,0.4,1.3,"Inverno - 2019"
"19:30:00",1.1,0.4,1.3,"Inverno - 2019"
"19:45:00",1.1,0.4,1.3,"Inverno - 2019"
"20:00:00",1.1,0.4,1.3,"Inverno - 2019"
"20:15:00",1.1,0.4,1.3,"Inverno - 2019"
"20:30:00",1.1,0.4,1.4,"Inverno - 2019"
"20:45:00",1.1,0.4,1.3,"Inverno - 2019"
"21:00:00",1.1,0.4,1.3,"Inverno - 2019"
"21:15:00",1.1,0.4,1.3,"Inverno - 2019"
"21:30:00",1.1,0.4,1.3,"Inverno - 2019"
"21:45:00",1.1,0.4,1.4,"Inverno - 2019"
"22:00:00",1.1,0.4,1.4,"Inverno - 2019"
"22:15:00",1.1,0.4,1.4,"Inverno - 2019"
"22:30:00",1.1,0.4,1.4,"Inverno - 2019"
"22:45:00",1.1,0.4,1.4,"Inverno - 2019"
"23:00:00",1.1,0.4,1.3,"Inverno - 2019"
"23:15:00",1.1,0.4,1.4,"Inverno - 2019"
"23:30:00",1.1,0.4,1.4,"Inverno - 2019"
"23:45:00",1.1,0.4,1.4,"Inverno - 2019"
